title,price,seller_name,reviews_count,rating,description,specifications,images,availability,shipping_info,url,platform
Cartucho HP 664 Preto Original Americanas,110.38,Loja Americanas 3,84,3.0,Cartucho original HP para impressoras Deskjet. Alta qualidade de impressão.,Tipo: Tinta | Marca: HP | Modelo: 664,https://example.com/americanas_image_1000.jpg,Em estoque,Calcular Frete,https://www.americanas.com.br/produto/1000,Americanas
Cartucho HP 664 Colorido Original Americanas,115.97,Loja Americanas 2,116,4.6,Cartucho original HP para impressoras Deskjet. Alta qualidade de impressão.,Tipo: Colorido | Marca: HP | Modelo: 664,https://example.com/americanas_image_1001.jpg,Em estoque,Frete Grátis,https://www.americanas.com.br/produto/1001,Americanas
Cartucho HP 664 Preto Original Americanas,125.48,Loja Americanas 3,165,4.6,Cartucho original HP para impressoras Deskjet. Alta qualidade de impressão.,Tipo: Tinta | Marca: HP | Modelo: 664,https://example.com/americanas_image_1002.jpg,Em estoque,Frete Grátis,https://www.americanas.com.br/produto/1002,Americanas
Cartucho HP 664 Colorido Original Americanas,119.82,Loja Americanas 3,124,4.4,Cartucho original HP para impressoras Deskjet. Alta qualidade de impressão.,Tipo: Colorido | Marca: HP | Modelo: 664,https://example.com/americanas_image_1003.jpg,Em estoque,Frete Grátis,https://www.americanas.com.br/produto/1003,Americanas
Cartucho HP 664 Preto Original Americanas,100.24,Loja Americanas 1,122,3.3,Cartucho original HP para impressoras Deskjet. Alta qualidade de impressão.,Tipo: Tinta | Marca: HP | Modelo: 664,https://example.com/americanas_image_1004.jpg,Em estoque,Frete Grátis,https://www.americanas.com.br/produto/1004,Americanas
